{
    "splines": [
        {
            "control_points": [
                [
                    1.0063326358795166,
                    -0.005469161085784435,
                    0.008398357778787613
                ],
                [
                    1.6735690832138062,
                    -3.23324691464677e-08,
                    1.217081069946289
                ],
                [
                    0.8422583341598511,
                    -0.010938304476439953,
                    2.1905903816223145
                ],
                [
                    -0.3868118226528168,
                    0.0,
                    2.078244924545288
                ],
                [
                    -1.0,
                    0.0,
                    1.0739225149154663
                ],
                [
                    1.0,
                    0.0,
                    0.0
                ]
            ],
            "handles_left": [
                [
                    0.5805330276489258,
                    -0.005992094054818153,
                    -0.04880780354142189
                ],
                [
                    1.7029719352722168,
                    -0.0007303491001948714,
                    0.8736652731895447
                ],
                [
                    1.2076458930969238,
                    -0.011751041747629642,
                    2.103865385055542
                ],
                [
                    -0.07064655423164368,
                    -0.0008127373876050115,
                    2.2765345573425293
                ],
                [
                    -1.0247182846069336,
                    -0.007966060191392899,
                    1.6092033386230469
                ],
                [
                    -0.8633222579956055,
                    0.0,
                    0.0
                ]
            ],
            "handles_right": [
                [
                    1.528464913368225,
                    -0.004827919881790876,
                    0.07854680716991425
                ],
                [
                    1.6413894891738892,
                    0.0007992552709765732,
                    1.5929288864135742
                ],
                [
                    0.5124520063400269,
                    -0.010204710997641087,
                    2.2688701152801514
                ],
                [
                    -0.6739763021469116,
                    0.0007381876930594444,
                    1.8981437683105469
                ],
                [
                    -0.9769366979598999,
                    0.007432709913700819,
                    0.5744802951812744
                ],
                [
                    2.0,
                    0.0,
                    0.0
                ]
            ]
        }
    ]
}