{
    "splines": [
        {
            "control_points": [
                [
                    1.0063326358795166,
                    -0.008398357778787613,
                    -0.005469161085784435
                ],
                [
                    1.6735690832138062,
                    -1.217081069946289,
                    -3.23324691464677e-08
                ],
                [
                    0.8422583341598511,
                    -2.1905903816223145,
                    -0.010938304476439953
                ],
                [
                    -0.3868118226528168,
                    -2.078244924545288,
                    0.0
                ],
                [
                    -1.0,
                    -1.0739225149154663,
                    0.0
                ],
                [
                    1.0,
                    -0.0,
                    0.0
                ]
            ],
            "handles_left": [
                [
                    0.5805330276489258,
                    0.04880780354142189,
                    -0.005992094054818153
                ],
                [
                    1.7029719352722168,
                    -0.8736652731895447,
                    -0.0007303491001948714
                ],
                [
                    1.2076458930969238,
                    -2.103865385055542,
                    -0.011751041747629642
                ],
                [
                    -0.07064655423164368,
                    -2.2765345573425293,
                    -0.0008127373876050115
                ],
                [
                    -1.0247182846069336,
                    -1.6092033386230469,
                    -0.007966060191392899
                ],
                [
                    -0.8633222579956055,
                    -0.0,
                    0.0
                ]
            ],
            "handles_right": [
                [
                    1.528464913368225,
                    -0.07854680716991425,
                    -0.004827919881790876
                ],
                [
                    1.6413894891738892,
                    -1.5929288864135742,
                    0.0007992552709765732
                ],
                [
                    0.5124520063400269,
                    -2.2688701152801514,
                    -0.010204710997641087
                ],
                [
                    -0.6739763021469116,
                    -1.8981437683105469,
                    0.0007381876930594444
                ],
                [
                    -0.9769366979598999,
                    -0.5744802951812744,
                    0.007432709913700819
                ],
                [
                    2.0,
                    -0.0,
                    0.0
                ]
            ]
        }
    ]
}